{"cameraMode":{"drawMode":0,"name":"Shaded","section":"Shading Mode"},"sceneLighting":false,"audioPlay":false,"sceneViewState":{"showFog":true,"showMaterialUpdate":false,"showSkybox":false,"showFlares":true,"showImageEffects":true,"showParticleSystems":true},"in2DMode":false,"pivot":{"x":1.9274976253509522,"y":1.8453190326690674,"z":1.2112209796905518},"rotation":{"x":0.03050270490348339,"y":0.9493670463562012,"z":-0.09747014194726944,"w":0.2971113324165344},"size":1.7804440259933472,"orthographic":false}