{"cameraMode":{"drawMode":0,"name":"Shaded","section":"Shading Mode"},"sceneLighting":true,"audioPlay":false,"sceneViewState":{"showFog":true,"showMaterialUpdate":false,"showSkybox":true,"showFlares":true,"showImageEffects":true,"showParticleSystems":true},"in2DMode":false,"pivot":{"x":0.0,"y":0.22431981563568116,"z":-0.02884574979543686},"rotation":{"x":0.03050270490348339,"y":0.9493670463562012,"z":-0.09747014194726944,"w":0.2971113324165344},"size":0.3632153272628784,"orthographic":false}